trial_id,n_params,train_time_s,best_epoch,best_monitor,stopped_epoch,threshold,val_auc_roc,val_average_precision,val_accuracy,val_precision,val_recall,val_f1,embedding_dim,encoder_layers,dropout,tcn_hidden,disc_hidden,lr,batch_size,wae_regularization_term
151,94458,127.12482380867004,19,3.4654770493507385,24.0,0.043498694896698,1.0,1.0,0.9994855967078189,0.9993145990404386,1.0,0.9996571820363387,32,2,0.0,64,16,0.0003,64,5.0
133,30458,109.50410652160645,16,3.469994232058525,21.0,0.03545672935433686,1.0,1.0,0.9994855967078189,0.9993145990404386,1.0,0.9996571820363387,32,2,0.0,32,16,0.0003,32,5.0
230,43258,123.48818588256836,13,6.907865256071091,18.0,0.12550810631364584,1.0,1.0,0.9994855967078189,0.9993145990404386,1.0,0.9996571820363387,32,3,0.1,32,16,0.0003,32,10.0
149,94458,108.27662658691406,12,3.4581590741872787,17.0,0.01835307222791016,0.9999985887426825,0.99999952990332,0.9994855967078189,0.9993145990404386,1.0,0.9996571820363387,32,2,0.0,64,16,0.0003,32,5.0
186,105994,147.76382875442505,13,6.654761254787445,18.0,0.25579550862312317,0.9999985887426825,0.99999952990332,0.9994855967078189,0.9993145990404386,1.0,0.9996571820363387,32,2,0.1,64,32,0.0001,32,10.0
157,105994,100.58968591690063,10,3.364496111869812,15.0,0.0647620395757258,1.0,1.0,0.9989711934156379,0.9986301369863013,1.0,0.9993145990404386,32,2,0.0,64,32,0.0003,32,5.0
143,41994,83.22395181655884,17,3.3779877722263336,22.0,0.11964643374085426,1.0,1.0,0.9989711934156379,0.9986301369863013,1.0,0.9993145990404386,32,2,0.0,32,32,0.0003,64,5.0
127,148986,94.61337184906006,7,3.397636830806732,12.0,0.2508427295833826,1.0,1.0,0.9989711934156379,0.9986301369863013,1.0,0.9993145990404386,16,3,0.1,64,32,0.0003,64,5.0
23,88298,111.6126298904419,9,3.4138057827949524,14.0,0.09365261439234018,1.0,1.0,0.9989711934156379,0.9986301369863013,1.0,0.9993145990404386,16,2,0.0,64,16,0.0003,64,5.0
135,30458,92.21556162834167,21,3.4249128997325897,26.0,0.06633658660575747,1.0,1.0,0.9989711934156379,0.9986301369863013,1.0,0.9993145990404386,32,2,0.0,32,16,0.0003,64,5.0
187,105994,163.73895049095154,18,3.4782347977161407,23.0,0.1850559003651142,1.0,1.0,0.9989711934156379,0.9986301369863013,1.0,0.9993145990404386,32,2,0.1,64,32,0.0001,64,5.0
185,105994,106.80580282211304,8,3.5345188677310944,13.0,0.20387172512710094,1.0,1.0,0.9989711934156379,0.9986301369863013,1.0,0.9993145990404386,32,2,0.1,64,32,0.0001,32,5.0
144,41994,75.63813018798828,15,6.787867724895477,20.0,0.15202397294342518,1.0,1.0,0.9989711934156379,0.9986301369863013,1.0,0.9993145990404386,32,2,0.0,32,32,0.0003,64,10.0
158,105994,112.21936869621277,12,6.8519242107868195,17.0,0.055728198029100895,1.0,1.0,0.9989711934156379,0.9986301369863013,1.0,0.9993145990404386,32,2,0.0,64,32,0.0003,32,10.0
190,105994,114.05607414245605,9,6.867840588092804,14.0,0.08418039046227932,1.0,1.0,0.9989711934156379,0.9986301369863013,1.0,0.9993145990404386,32,2,0.1,64,32,0.0003,32,10.0
182,94458,133.47683835029602,12,6.894481509923935,17.0,0.041875727009028196,1.0,1.0,0.9989711934156379,0.9986301369863013,1.0,0.9993145990404386,32,2,0.1,64,16,0.0003,32,10.0
122,148986,179.82327938079834,12,6.920751392841339,17.0,0.22593791037797928,1.0,1.0,0.9989711934156379,0.9986301369863013,1.0,0.9993145990404386,16,3,0.1,64,32,0.0001,32,10.0
166,30458,106.72228050231934,15,6.958393305540085,20.0,0.073472173884511,1.0,1.0,0.9989711934156379,0.9986301369863013,1.0,0.9993145990404386,32,2,0.1,32,16,0.0003,32,10.0
178,94458,95.24082541465759,8,7.0429670214653015,13.0,0.20111960358917713,1.0,1.0,0.9989711934156379,0.9986301369863013,1.0,0.9993145990404386,32,2,0.1,64,16,0.0001,32,10.0
97,40714,172.44053506851196,16,3.60149946808815,21.0,0.32758230715990067,0.9999943549707305,0.9999981212214358,0.9989711934156379,0.9993141289437586,0.9993141289437586,0.9993141289437586,16,3,0.1,32,16,0.0001,32,5.0
99,40714,213.11464881896973,30,3.730973392724991,,0.33584731817245483,0.9999844761695089,0.999994851041029,0.9989711934156379,0.9993141289437586,0.9993141289437586,0.9993141289437586,16,3,0.1,32,16,0.0001,64,5.0
183,94458,53.93365788459778,3,3.2327440679073334,8.0,0.33102932572364807,0.9999788311402394,0.9999929974359758,0.9989711934156379,0.9993141289437586,0.9993141289437586,0.9993141289437586,32,2,0.1,64,16,0.0003,64,5.0
243,144634,106.74803376197815,7,3.506640136241913,12.0,0.3819458521902561,0.9999604847951137,0.9999869930614271,0.9989711934156379,0.9993141289437586,0.9993141289437586,0.9993141289437586,32,3,0.1,64,16,0.0001,64,5.0
214,144634,53.577930212020874,1,6.409934163093567,6.0,0.416967548429966,0.999923792104862,0.999975250142721,0.9989711934156379,0.9993141289437586,0.9993141289437586,0.9993141289437586,32,3,0.0,64,16,0.0003,32,10.0
197,43258,85.80289840698242,9,3.362251102924347,14.0,0.12277769204229116,1.0,1.0,0.9984567901234568,0.997946611909651,1.0,0.998972250770812,32,3,0.0,32,16,0.0003,32,5.0
31,98810,163.27874374389648,13,3.395021915435791,18.0,0.07769031636416912,1.0,1.0,0.9984567901234568,0.997946611909651,1.0,0.998972250770812,16,2,0.0,64,32,0.0003,64,5.0
15,38426,123.28514409065247,19,3.40438911318779,24.0,0.11768906377255917,1.0,1.0,0.9984567901234568,0.997946611909651,1.0,0.998972250770812,16,2,0.0,32,32,0.0003,64,5.0
181,94458,125.36386466026306,11,3.4056155532598495,16.0,0.04133491590619087,1.0,1.0,0.9984567901234568,0.997946611909651,1.0,0.998972250770812,32,2,0.1,64,16,0.0003,32,5.0
53,88298,144.73326992988586,10,3.423227369785309,15.0,0.05419449647888541,1.0,1.0,0.9984567901234568,0.997946611909651,1.0,0.998972250770812,16,2,0.1,64,16,0.0003,32,5.0
7,27914,131.548659324646,25,3.4398684203624725,30.0,0.07015319773927331,1.0,1.0,0.9984567901234568,0.997946611909651,1.0,0.998972250770812,16,2,0.0,32,16,0.0003,64,5.0
37,27914,121.59624195098877,12,3.483467698097229,17.0,0.08437007199972868,1.0,1.0,0.9984567901234568,0.997946611909651,1.0,0.998972250770812,16,2,0.1,32,16,0.0003,32,5.0
199,43258,138.96979117393494,24,3.4953694343566895,29.0,0.07185203395783901,1.0,1.0,0.9984567901234568,0.997946611909651,1.0,0.998972250770812,32,3,0.0,32,16,0.0003,64,5.0
81,138474,275.77585792541504,18,3.5009743124246597,23.0,0.06342002423480153,1.0,1.0,0.9984567901234568,0.997946611909651,1.0,0.998972250770812,16,3,0.0,64,16,0.0001,32,5.0
111,51226,149.6780617237091,20,3.5064494907855988,25.0,0.18265488371253014,1.0,1.0,0.9984567901234568,0.997946611909651,1.0,0.998972250770812,16,3,0.1,32,32,0.0003,64,5.0
115,138474,266.7610595226288,28,3.5278101563453674,,0.10526997223496437,1.0,1.0,0.9984567901234568,0.997946611909651,1.0,0.998972250770812,16,3,0.1,64,16,0.0001,64,5.0
123,148986,666.7154352664948,17,3.5673192143440247,22.0,0.23069706372916698,1.0,1.0,0.9984567901234568,0.997946611909651,1.0,0.998972250770812,16,3,0.1,64,32,0.0001,64,5.0
113,138474,118.32761287689209,7,3.607023671269417,12.0,0.27186235412955284,1.0,1.0,0.9984567901234568,0.997946611909651,1.0,0.998972250770812,16,3,0.1,64,16,0.0001,32,5.0
206,54794,101.38019490242004,11,6.6391302943229675,16.0,0.20252486877143383,1.0,1.0,0.9984567901234568,0.997946611909651,1.0,0.998972250770812,32,3,0.0,32,32,0.0003,32,10.0
94,148986,119.57503700256348,4,6.667763292789459,9.0,0.17080757208168507,1.0,1.0,0.9984567901234568,0.997946611909651,1.0,0.998972250770812,16,3,0.0,64,32,0.0003,32,10.0
14,38426,83.00185680389404,8,6.689823567867279,13.0,0.1912685465067625,1.0,1.0,0.9984567901234568,0.997946611909651,1.0,0.998972250770812,16,2,0.0,32,32,0.0003,32,10.0
110,51226,190.05483651161194,21,6.737192243337631,26.0,0.1097658583894372,1.0,1.0,0.9984567901234568,0.997946611909651,1.0,0.998972250770812,16,3,0.1,32,32,0.0003,32,10.0
46,38426,110.94126677513123,10,6.740528970956802,15.0,0.21662225015461445,1.0,1.0,0.9984567901234568,0.997946611909651,1.0,0.998972250770812,16,2,0.1,32,32,0.0003,32,10.0
174,41994,96.16343641281128,12,6.761341899633408,17.0,0.16042720340192318,1.0,1.0,0.9984567901234568,0.997946611909651,1.0,0.998972250770812,32,2,0.1,32,32,0.0003,32,10.0
192,105994,135.1631360054016,14,6.797289788722992,19.0,0.08139714784920216,1.0,1.0,0.9984567901234568,0.997946611909651,1.0,0.998972250770812,32,2,0.1,64,32,0.0003,64,10.0
32,98810,154.5700078010559,12,6.815161466598511,17.0,0.09214354492723942,1.0,1.0,0.9984567901234568,0.997946611909651,1.0,0.998972250770812,16,2,0.0,64,32,0.0003,64,10.0
30,98810,102.73064136505127,6,6.844721019268036,11.0,0.09485899470746517,1.0,1.0,0.9984567901234568,0.997946611909651,1.0,0.998972250770812,16,2,0.0,64,32,0.0003,32,10.0
256,156170,162.86734104156494,13,6.880261421203613,18.0,0.10967631731182337,1.0,1.0,0.9984567901234568,0.997946611909651,1.0,0.998972250770812,32,3,0.1,64,32,0.0003,64,10.0
238,54794,100.23081135749817,9,6.885625123977661,14.0,0.24340966902673244,1.0,1.0,0.9984567901234568,0.997946611909651,1.0,0.998972250770812,32,3,0.1,32,32,0.0003,32,10.0
70,40714,108.94041538238525,10,6.910529911518097,15.0,0.14061289187520742,1.0,1.0,0.9984567901234568,0.997946611909651,1.0,0.998972250770812,16,3,0.0,32,16,0.0003,32,10.0
8,27914,94.72498512268066,16,6.916895270347595,21.0,0.12622830364853144,1.0,1.0,0.9984567901234568,0.997946611909651,1.0,0.998972250770812,16,2,0.0,32,16,0.0003,64,10.0
154,105994,86.05751657485962,8,6.978552758693695,13.0,0.21564391627907753,1.0,1.0,0.9984567901234568,0.997946611909651,1.0,0.998972250770812,32,2,0.0,64,32,0.0001,32,10.0
112,51226,169.0412757396698,24,6.987130701541901,29.0,0.19254040718078613,1.0,1.0,0.9984567901234568,0.997946611909651,1.0,0.998972250770812,16,3,0.1,32,32,0.0003,64,10.0
80,51226,130.1148042678833,12,7.0271315574646,17.0,0.29782862216234207,0.9999985887426825,0.99999952990332,0.9984567901234568,0.997946611909651,1.0,0.998972250770812,16,3,0.0,32,32,0.0003,64,10.0
129,30458,69.9776406288147,9,3.6510168313980103,14.0,0.31016844138503075,0.9999957662280479,0.9999985916405416,0.9984567901234568,0.997946611909651,1.0,0.998972250770812,32,2,0.0,32,16,0.0001,32,5.0
162,30458,92.5674364566803,12,7.035459578037262,17.0,0.31766118854284286,0.9999915324560957,0.9999971807052074,0.9984567901234568,0.9986291980808774,0.9993141289437586,0.9989715461090161,32,2,0.1,32,16,0.0001,32,10.0
216,144634,54.78328204154968,2,6.805757582187653,7.0,0.4057667553424835,0.9999407271926706,0.9999804659199979,0.9984567901234568,0.9986291980808774,0.9993141289437586,0.9989715461090161,32,3,0.0,64,16,0.0003,64,10.0
124,148986,123.56430053710938,11,7.114390730857849,16.0,0.3868602029979229,0.999935082163401,0.9999787798322486,0.9984567901234568,0.9986291980808774,0.9993141289437586,0.9989715461090161,16,3,0.1,64,32,0.0001,64,10.0
215,144634,86.92736577987671,6,2.828481912612915,11.0,0.11157955694943666,1.0,1.0,0.9979423868312757,0.9972640218878249,1.0,0.9986301369863013,32,3,0.0,64,16,0.0003,64,5.0
223,156170,112.92645716667175,9,3.315105825662613,14.0,0.10016113519668579,1.0,1.0,0.9979423868312757,0.9972640218878249,1.0,0.9986301369863013,32,3,0.0,64,32,0.0003,64,5.0
173,41994,98.65364837646484,12,3.3796796798706055,17.0,0.09852188266813755,1.0,1.0,0.9979423868312757,0.9972640218878249,1.0,0.9986301369863013,32,2,0.1,32,32,0.0003,32,5.0
207,54794,105.79285192489624,16,3.398168683052063,21.0,0.11764645483344793,1.0,1.0,0.9979423868312757,0.9972640218878249,1.0,0.9986301369863013,32,3,0.0,32,32,0.0003,64,5.0
191,105994,113.65905928611755,11,3.398475021123886,16.0,0.08899326343089342,1.0,1.0,0.9979423868312757,0.9972640218878249,1.0,0.9986301369863013,32,2,0.1,64,32,0.0003,64,5.0
253,156170,155.01026272773743,10,3.420864373445511,15.0,0.07595618162304163,1.0,1.0,0.9979423868312757,0.9972640218878249,1.0,0.9986301369863013,32,3,0.1,64,32,0.0003,32,5.0
205,54794,140.27942728996277,17,3.422009214758873,22.0,0.06397252855822444,1.0,1.0,0.9979423868312757,0.9972640218878249,1.0,0.9986301369863013,32,3,0.0,32,32,0.0003,32,5.0
5,27914,101.33941984176636,13,3.4559376686811447,18.0,0.06115168798714876,1.0,1.0,0.9979423868312757,0.9972640218878249,1.0,0.9986301369863013,16,2,0.0,32,16,0.0003,32,5.0
55,88298,109.34791207313538,7,3.4634042382240295,12.0,0.13150405324995518,1.0,1.0,0.9979423868312757,0.9972640218878249,1.0,0.9986301369863013,16,2,0.1,64,16,0.0003,64,5.0
61,98810,156.01744508743286,10,3.463871881365776,15.0,0.05370324570685625,1.0,1.0,0.9979423868312757,0.9972640218878249,1.0,0.9986301369863013,16,2,0.1,64,32,0.0003,32,5.0
89,148986,290.6646201610565,17,3.465139612555504,22.0,0.1150950388982892,1.0,1.0,0.9979423868312757,0.9972640218878249,1.0,0.9986301369863013,16,3,0.0,64,32,0.0001,32,5.0
45,38426,112.5357117652893,10,3.4728809744119644,15.0,0.13141652941703796,1.0,1.0,0.9979423868312757,0.9972640218878249,1.0,0.9986301369863013,16,2,0.1,32,32,0.0003,32,5.0
19,88298,234.12556886672974,27,3.48124235868454,,0.0751071497797966,1.0,1.0,0.9979423868312757,0.9972640218878249,1.0,0.9986301369863013,16,2,0.0,64,16,0.0001,64,5.0
39,27914,154.20741605758667,21,3.4887244403362274,26.0,0.10117939859628677,1.0,1.0,0.9979423868312757,0.9972640218878249,1.0,0.9986301369863013,16,2,0.1,32,16,0.0003,64,5.0
51,88298,218.27595615386963,19,3.490298092365265,24.0,0.14730146899819374,1.0,1.0,0.9979423868312757,0.9972640218878249,1.0,0.9986301369863013,16,2,0.1,64,16,0.0001,64,5.0
25,98810,125.38917207717896,9,3.4935132563114166,14.0,0.1591177824884653,1.0,1.0,0.9979423868312757,0.9972640218878249,1.0,0.9986301369863013,16,2,0.0,64,32,0.0001,32,5.0
239,54794,111.21929788589478,14,3.5559520721435547,19.0,0.1765248142182827,1.0,1.0,0.9979423868312757,0.9972640218878249,1.0,0.9986301369863013,32,3,0.1,32,32,0.0003,64,5.0
62,98810,95.19174599647522,4,6.787598639726639,9.0,0.1461025308817625,1.0,1.0,0.9979423868312757,0.9972640218878249,1.0,0.9986301369863013,16,2,0.1,64,32,0.0003,32,10.0
208,54794,99.34168004989624,15,6.795961856842041,20.0,0.18212377093732357,1.0,1.0,0.9979423868312757,0.9972640218878249,1.0,0.9986301369863013,32,3,0.0,32,32,0.0003,64,10.0
184,94458,142.8526747226715,16,6.8669673800468445,21.0,0.05629842262715101,1.0,1.0,0.9979423868312757,0.9972640218878249,1.0,0.9986301369863013,32,2,0.1,64,16,0.0003,64,10.0
22,88298,106.09421157836914,8,6.867170423269272,13.0,0.07371473964303732,1.0,1.0,0.9979423868312757,0.9972640218878249,1.0,0.9986301369863013,16,2,0.0,64,16,0.0003,32,10.0
168,30458,120.33842968940735,24,6.918997228145599,29.0,0.11044682934880257,1.0,1.0,0.9979423868312757,0.9972640218878249,1.0,0.9986301369863013,32,2,0.1,32,16,0.0003,64,10.0
160,105994,88.96986985206604,11,6.92661440372467,16.0,0.09084959607571363,1.0,1.0,0.9979423868312757,0.9972640218878249,1.0,0.9986301369863013,32,2,0.0,64,32,0.0003,64,10.0
72,40714,152.84556937217712,18,6.950660169124603,23.0,0.12624373845756054,1.0,1.0,0.9979423868312757,0.9972640218878249,1.0,0.9986301369863013,16,3,0.0,32,16,0.0003,64,10.0
167,30458,53.24074983596802,8,3.071465253829956,13.0,0.22014230117201805,0.9999985887426825,0.99999952990332,0.9979423868312757,0.9972640218878249,1.0,0.9986301369863013,32,2,0.1,32,16,0.0003,64,5.0
156,105994,82.31856870651245,10,6.324166774749756,15.0,0.32064853608608246,0.9999929437134132,0.999997655943075,0.9979423868312757,0.9979452054794521,0.9993141289437586,0.9986291980808774,32,2,0.0,64,32,0.0001,64,10.0
59,98810,173.84375953674316,12,3.59703466296196,17.0,0.2969789206981659,0.9999872986841437,0.999995781639334,0.9979423868312757,0.9979452054794521,0.9993141289437586,0.9986291980808774,16,2,0.1,64,32,0.0001,64,5.0
150,94458,38.03568434715271,1,6.712175488471985,6.0,0.39993686974048615,0.9999760086256048,0.9999920489557446,0.9979423868312757,0.9979452054794521,0.9993141289437586,0.9986291980808774,32,2,0.0,64,16,0.0003,32,10.0
52,88298,136.84074997901917,10,7.004471004009247,15.0,0.3350971080362797,0.9999661298243832,0.9999888779709729,0.9979423868312757,0.9979452054794521,0.9993141289437586,0.9986291980808774,16,2,0.1,64,16,0.0001,64,10.0
3,27914,75.40749931335449,14,3.652721256017685,19.0,0.41004374995827675,0.9999026232451015,0.9999684249405514,0.9979423868312757,0.9979452054794521,0.9993141289437586,0.9986291980808774,16,2,0.0,32,16,0.0001,64,5.0
224,156170,63.502763986587524,2,6.338685691356659,7.0,0.4043610952794552,0.9998983894731495,0.9999672376459996,0.9979423868312757,0.9986282578875172,0.9986282578875172,0.9986282578875172,32,3,0.0,64,32,0.0003,64,10.0
247,144634,105.91710925102234,7,2.8998584747314453,12.0,0.12686562538146973,1.0,1.0,0.9974279835390947,0.9965823650034177,1.0,0.9982882574460801,32,3,0.1,64,16,0.0003,64,5.0
65,40714,218.2571153640747,28,2.955951824784279,,0.2296706661581993,1.0,1.0,0.9974279835390947,0.9965823650034177,1.0,0.9982882574460801,16,3,0.0,32,16,0.0001,32,5.0
141,41994,135.88277339935303,21,3.141630843281746,26.0,0.13336623646318913,1.0,1.0,0.9974279835390947,0.9965823650034177,1.0,0.9982882574460801,32,2,0.0,32,32,0.0003,32,5.0
153,105994,112.22984552383423,12,3.31265065073967,17.0,0.1294288532808423,1.0,1.0,0.9974279835390947,0.9965823650034177,1.0,0.9982882574460801,32,2,0.0,64,32,0.0001,32,5.0
57,98810,177.0270540714264,12,3.354795902967453,17.0,0.17441494390368462,1.0,1.0,0.9974279835390947,0.9965823650034177,1.0,0.9982882574460801,16,2,0.1,64,32,0.0001,32,5.0
29,98810,119.91044592857361,8,3.361833795905113,13.0,0.06997246434912086,1.0,1.0,0.9974279835390947,0.9965823650034177,1.0,0.9982882574460801,16,2,0.0,64,32,0.0003,32,5.0
13,38426,103.77224564552307,11,3.3854202330112457,16.0,0.12494620122015476,1.0,1.0,0.9974279835390947,0.9965823650034177,1.0,0.9982882574460801,16,2,0.0,32,32,0.0003,32,5.0
221,156170,92.38580965995789,5,3.3877570033073425,10.0,0.09498662687838078,1.0,1.0,0.9974279835390947,0.9965823650034177,1.0,0.9982882574460801,32,3,0.0,64,32,0.0003,32,5.0
63,98810,185.58208966255188,13,3.4043669402599335,18.0,0.08317741099745035,1.0,1.0,0.9974279835390947,0.9965823650034177,1.0,0.9982882574460801,16,2,0.1,64,32,0.0003,64,5.0
77,51226,129.30746841430664,12,3.431602358818054,17.0,0.10086075682193041,1.0,1.0,0.9974279835390947,0.9965823650034177,1.0,0.9982882574460801,16,3,0.0,32,32,0.0003,32,5.0
237,54794,107.84842920303345,10,3.4416375756263733,15.0,0.18440593034029007,1.0,1.0,0.9974279835390947,0.9965823650034177,1.0,0.9982882574460801,32,3,0.1,32,32,0.0003,32,5.0
165,30458,122.31298184394836,18,3.459103524684906,23.0,0.0502679361961782,1.0,1.0,0.9974279835390947,0.9965823650034177,1.0,0.9982882574460801,32,2,0.1,32,16,0.0003,32,5.0
229,43258,118.71784090995789,12,3.4634736627340317,17.0,0.10148631874471903,1.0,1.0,0.9974279835390947,0.9965823650034177,1.0,0.9982882574460801,32,3,0.1,32,16,0.0003,32,5.0
231,43258,165.28610754013062,25,3.4828948080539703,30.0,0.066756637301296,1.0,1.0,0.9974279835390947,0.9965823650034177,1.0,0.9982882574460801,32,3,0.1,32,16,0.0003,64,5.0
155,105994,115.01694560050964,16,3.484807848930359,21.0,0.16436574049293995,1.0,1.0,0.9974279835390947,0.9965823650034177,1.0,0.9982882574460801,32,2,0.0,64,32,0.0001,64,5.0
147,94458,131.41683149337769,20,3.485494375228882,25.0,0.092004818841815,1.0,1.0,0.9974279835390947,0.9965823650034177,1.0,0.9982882574460801,32,2,0.0,64,16,0.0001,64,5.0
121,148986,133.19657182693481,8,3.5575190037488937,13.0,0.29264068976044655,1.0,1.0,0.9974279835390947,0.9965823650034177,1.0,0.9982882574460801,16,3,0.1,64,32,0.0001,32,5.0
103,40714,153.57272577285767,16,3.620290160179138,21.0,0.23293904401361942,1.0,1.0,0.9974279835390947,0.9965823650034177,1.0,0.9982882574460801,16,3,0.1,32,16,0.0003,64,5.0
128,148986,118.55001926422119,10,6.736538112163544,15.0,0.16003654710948467,1.0,1.0,0.9974279835390947,0.9965823650034177,1.0,0.9982882574460801,16,3,0.1,64,32,0.0003,64,10.0
142,41994,98.06748819351196,14,6.743982821702957,19.0,0.1265099262818694,1.0,1.0,0.9974279835390947,0.9965823650034177,1.0,0.9982882574460801,32,2,0.0,32,32,0.0003,32,10.0
254,156170,123.35903525352478,7,6.8904885947704315,12.0,0.11368800047785044,1.0,1.0,0.9974279835390947,0.9965823650034177,1.0,0.9982882574460801,32,3,0.1,64,32,0.0003,32,10.0
198,43258,137.62803173065186,17,6.894132316112518,22.0,0.0750565230846405,1.0,1.0,0.9974279835390947,0.9965823650034177,1.0,0.9982882574460801,32,3,0.0,32,16,0.0003,32,10.0
24,88298,103.79290199279785,8,6.897840678691864,13.0,0.10136348567903042,1.0,1.0,0.9974279835390947,0.9965823650034177,1.0,0.9982882574460801,16,2,0.0,64,16,0.0003,64,10.0
6,27914,105.32987475395203,13,6.9050606191158295,18.0,0.07557311933487654,1.0,1.0,0.9974279835390947,0.9965823650034177,1.0,0.9982882574460801,16,2,0.0,32,16,0.0003,32,10.0
222,156170,100.75425100326538,6,6.909955978393555,11.0,0.10017680749297142,1.0,1.0,0.9974279835390947,0.9965823650034177,1.0,0.9982882574460801,32,3,0.0,64,32,0.0003,32,10.0
50,88298,288.13770937919617,28,6.930330574512482,,0.048186289612203836,1.0,1.0,0.9974279835390947,0.9965823650034177,1.0,0.9982882574460801,16,2,0.1,64,16,0.0001,32,10.0
146,94458,141.82438731193542,17,6.934843480587006,22.0,0.07647351827472448,1.0,1.0,0.9974279835390947,0.9965823650034177,1.0,0.9982882574460801,32,2,0.0,64,16,0.0001,32,10.0
28,98810,137.56385326385498,10,7.008057653903961,15.0,0.2921175602823496,1.0,1.0,0.9974279835390947,0.9965823650034177,1.0,0.9982882574460801,16,2,0.0,64,32,0.0001,64,10.0
60,98810,225.83801460266113,17,6.664758384227753,22.0,0.27173193730413914,0.9999985887426825,0.99999952990332,0.9974279835390947,0.9965823650034177,1.0,0.9982882574460801,16,2,0.1,64,32,0.0001,64,10.0
48,38426,106.92980933189392,12,7.0194836258888245,17.0,0.27685567550361156,0.9999943549707305,0.9999981234718023,0.9974279835390947,0.9972621492128679,0.9993141289437586,0.9982870846180198,16,2,0.1,32,32,0.0003,64,10.0
232,43258,72.09900236129761,8,6.614965200424194,13.0,0.32637644931674004,0.9999858874268263,0.9999953278538403,0.9974279835390947,0.9972621492128679,0.9993141289437586,0.9982870846180198,32,3,0.1,32,16,0.0003,64,10.0
1,27914,73.71198987960815,10,3.636306330561638,15.0,0.3912281356751919,0.9999689523390178,0.9999897439141054,0.9974279835390947,0.9972621492128679,0.9993141289437586,0.9982870846180198,16,2,0.0,32,16,0.0001,32,5.0
86,138474,72.57547998428345,1,6.815544903278351,6.0,0.43991921469569206,0.999870164326802,0.9999578247161145,0.9974279835390947,0.997943797121316,0.9986282578875172,0.9982859101816935,16,3,0.0,64,16,0.0003,32,10.0
21,88298,60.64747166633606,2,3.1634178906679153,7.0,0.22232439741492271,1.0,1.0,0.9969135802469136,0.9959016393442623,1.0,0.997946611909651,16,2,0.0,64,16,0.0003,32,5.0
189,105994,139.95598578453064,12,3.38995823264122,17.0,0.0438766204752028,1.0,1.0,0.9969135802469136,0.9959016393442623,1.0,0.997946611909651,32,2,0.1,64,32,0.0003,32,5.0
87,138474,267.2442045211792,17,3.435068428516388,22.0,0.07473926525563002,1.0,1.0,0.9969135802469136,0.9959016393442623,1.0,0.997946611909651,16,3,0.0,64,16,0.0003,64,5.0
175,41994,131.59327054023743,25,3.447997033596039,30.0,0.11797664500772953,1.0,1.0,0.9969135802469136,0.9959016393442623,1.0,0.997946611909651,32,2,0.1,32,32,0.0003,64,5.0
125,148986,116.29612183570862,8,3.4649422466754913,13.0,0.08113486226648092,1.0,1.0,0.9969135802469136,0.9959016393442623,1.0,0.997946611909651,16,3,0.1,64,32,0.0003,32,5.0
47,38426,166.17202734947205,22,3.476210981607437,27.0,0.10429120436310768,1.0,1.0,0.9969135802469136,0.9959016393442623,1.0,0.997946611909651,16,2,0.1,32,32,0.0003,64,5.0
17,88298,106.87395477294922,8,3.5021889358758926,13.0,0.1424820562824607,1.0,1.0,0.9969135802469136,0.9959016393442623,1.0,0.997946611909651,16,2,0.0,64,16,0.0001,32,5.0
79,51226,138.56445026397705,13,3.5177423655986786,18.0,0.19558484107255936,1.0,1.0,0.9969135802469136,0.9959016393442623,1.0,0.997946611909651,16,3,0.0,32,32,0.0003,64,5.0
211,144634,132.80368494987488,12,3.5632686018943787,17.0,0.21343651041388512,1.0,1.0,0.9969135802469136,0.9959016393442623,1.0,0.997946611909651,32,3,0.0,64,16,0.0001,64,5.0
193,43258,135.5242419242859,17,3.5769376903772354,22.0,0.16820666752755642,1.0,1.0,0.9969135802469136,0.9959016393442623,1.0,0.997946611909651,32,3,0.0,32,16,0.0001,32,5.0
218,156170,229.1363468170166,20,6.807962507009506,25.0,0.11664397735148668,1.0,1.0,0.9969135802469136,0.9959016393442623,1.0,0.997946611909651,32,3,0.0,64,32,0.0001,32,10.0
240,54794,103.84272313117981,13,6.828943967819214,18.0,0.2622201479971409,1.0,1.0,0.9969135802469136,0.9959016393442623,1.0,0.997946611909651,32,3,0.1,32,32,0.0003,64,10.0
90,148986,194.21703219413757,10,6.9368820786476135,15.0,0.22961891628801823,1.0,1.0,0.9969135802469136,0.9959016393442623,1.0,0.997946611909651,16,3,0.0,64,32,0.0001,32,10.0
200,43258,141.49635529518127,26,6.937947869300842,,0.07404070999473333,1.0,1.0,0.9969135802469136,0.9959016393442623,1.0,0.997946611909651,32,3,0.0,32,16,0.0003,64,10.0
220,156170,226.27983379364014,23,6.9402676820755005,28.0,0.15906586684286594,1.0,1.0,0.9969135802469136,0.9959016393442623,1.0,0.997946611909651,32,3,0.0,64,32,0.0001,64,10.0
96,148986,173.74091792106628,8,6.953199505805969,13.0,0.19028606824576855,1.0,1.0,0.9969135802469136,0.9959016393442623,1.0,0.997946611909651,16,3,0.0,64,32,0.0003,64,10.0
212,144634,226.08947157859802,24,6.954592227935791,29.0,0.08552022650837898,1.0,1.0,0.9969135802469136,0.9959016393442623,1.0,0.997946611909651,32,3,0.0,64,16,0.0001,64,10.0
18,88298,138.1611258983612,12,6.990055561065674,17.0,0.11250036209821701,1.0,1.0,0.9969135802469136,0.9959016393442623,1.0,0.997946611909651,16,2,0.0,64,16,0.0001,32,10.0
194,43258,97.19104528427124,11,7.0704106092453,16.0,0.2886275500059128,1.0,1.0,0.9969135802469136,0.9959016393442623,1.0,0.997946611909651,32,3,0.0,32,16,0.0001,32,10.0
148,94458,68.40801215171814,8,6.983329594135284,13.0,0.2947304677218199,0.9999985887426825,0.99999952990332,0.9969135802469136,0.9959016393442623,1.0,0.997946611909651,32,2,0.0,64,16,0.0001,64,10.0
119,138474,76.49339580535889,4,3.474054127931595,9.0,0.32155919820070267,0.9999929437134132,0.999997655943075,0.9969135802469136,0.9965800273597811,0.9993141289437586,0.9979452054794521,16,3,0.1,64,16,0.0003,64,5.0
213,144634,53.508442401885986,1,3.5248229652643204,6.0,0.4178660921752453,0.9998856881572932,0.9999632613070926,0.9969135802469136,0.9965800273597811,0.9993141289437586,0.9979452054794521,32,3,0.0,64,16,0.0003,32,5.0
196,43258,90.31208086013794,14,7.059115707874298,19.0,0.39939427748322487,0.9998475842097241,0.9999510395741873,0.9969135802469136,0.9972602739726028,0.9986282578875172,0.997943797121316,32,3,0.0,32,16,0.0001,64,10.0
152,94458,36.85527229309082,2,6.821930408477783,7.0,0.3946497142314911,0.9999096795316884,0.999970465525863,0.9969135802469136,0.9986263736263736,0.9972565157750343,0.9979409746053535,32,2,0.0,64,16,0.0003,64,10.0
209,144634,88.97529792785645,5,3.1752823144197464,10.0,0.248848345130682,1.0,1.0,0.9963991769547325,0.995221843003413,1.0,0.9976052001368457,32,3,0.0,64,16,0.0001,32,5.0
249,156170,224.24660539627075,17,3.3894281834363937,22.0,0.11529862880706787,1.0,1.0,0.9963991769547325,0.995221843003413,1.0,0.9976052001368457,32,3,0.1,64,32,0.0001,32,5.0
245,144634,198.4500503540039,15,3.411833718419075,20.0,0.044748082756996155,1.0,1.0,0.9963991769547325,0.995221843003413,1.0,0.9976052001368457,32,3,0.1,64,16,0.0003,32,5.0
109,51226,154.210351228714,16,3.420219510793686,21.0,0.09748432412743568,1.0,1.0,0.9963991769547325,0.995221843003413,1.0,0.9976052001368457,16,3,0.1,32,32,0.0003,32,5.0
85,138474,259.0141806602478,16,3.475527510046959,21.0,0.023226813413202763,1.0,1.0,0.9963991769547325,0.995221843003413,1.0,0.9976052001368457,16,3,0.0,64,16,0.0003,32,5.0
177,94458,208.94437289237976,24,3.476323813199997,29.0,0.04108609817922115,1.0,1.0,0.9963991769547325,0.995221843003413,1.0,0.9976052001368457,32,2,0.1,64,16,0.0001,32,5.0
255,156170,117.3761932849884,8,3.4936148524284363,13.0,0.11930897552520037,1.0,1.0,0.9963991769547325,0.995221843003413,1.0,0.9976052001368457,32,3,0.1,64,32,0.0003,64,5.0
83,138474,310.494882106781,21,3.5330653190612793,26.0,0.1322488496080041,1.0,1.0,0.9963991769547325,0.995221843003413,1.0,0.9976052001368457,16,3,0.0,64,16,0.0001,64,5.0
78,51226,151.93608403205872,15,6.600273162126541,20.0,0.12284249532967806,1.0,1.0,0.9963991769547325,0.995221843003413,1.0,0.9976052001368457,16,3,0.0,32,32,0.0003,32,10.0
250,156170,286.6855499744415,23,6.820949912071228,28.0,0.14657772704958916,1.0,1.0,0.9963991769547325,0.995221843003413,1.0,0.9976052001368457,32,3,0.1,64,32,0.0001,32,10.0
26,98810,139.40124535560608,10,6.843907117843628,15.0,0.19941279850900173,1.0,1.0,0.9963991769547325,0.995221843003413,1.0,0.9976052001368457,16,2,0.0,64,32,0.0001,32,10.0
102,40714,228.96597409248352,21,6.934151858091354,26.0,0.06966289971023798,1.0,1.0,0.9963991769547325,0.995221843003413,1.0,0.9976052001368457,16,3,0.1,32,16,0.0003,32,10.0
88,138474,278.1280279159546,18,6.9801329374313354,23.0,0.08419912215322256,1.0,1.0,0.9963991769547325,0.995221843003413,1.0,0.9976052001368457,16,3,0.0,64,16,0.0003,64,10.0
180,94458,160.26003623008728,19,6.9899808168411255,24.0,0.1354125812649727,1.0,1.0,0.9963991769547325,0.995221843003413,1.0,0.9976052001368457,32,2,0.1,64,16,0.0001,64,10.0
84,138474,220.78307056427002,13,6.991131544113159,18.0,0.23924590460956097,1.0,1.0,0.9963991769547325,0.995221843003413,1.0,0.9976052001368457,16,3,0.0,64,16,0.0001,64,10.0
27,98810,140.30116415023804,11,3.525530755519867,16.0,0.258260877802968,0.9999985887426825,0.99999952990332,0.9963991769547325,0.995221843003413,1.0,0.9976052001368457,16,2,0.0,64,32,0.0001,64,5.0
92,148986,199.5268054008484,10,7.025688052177429,15.0,0.3216200917959213,0.9999985887426825,0.99999952990332,0.9963991769547325,0.995221843003413,1.0,0.9976052001368457,16,3,0.0,64,32,0.0001,64,10.0
195,43258,104.35177278518677,17,3.497260957956314,22.0,0.3404056839644909,0.9999887099414609,0.9999962478919683,0.9963991769547325,0.9958988380041012,0.9993141289437586,0.9976035604245121,32,3,0.0,32,16,0.0001,64,5.0
95,148986,167.5820665359497,8,3.462688058614731,13.0,0.16274885460734367,1.0,1.0,0.9958847736625515,0.9945429740791268,1.0,0.9972640218878249,16,3,0.0,64,32,0.0003,64,5.0
71,40714,189.77919054031372,30,3.4642547965049744,,0.05965651944279671,1.0,1.0,0.9958847736625515,0.9945429740791268,1.0,0.9972640218878249,16,3,0.0,32,16,0.0003,64,5.0
219,156170,193.78291416168213,19,3.5166006982326508,24.0,0.14243836048990488,1.0,1.0,0.9958847736625515,0.9945429740791268,1.0,0.9972640218878249,32,3,0.0,64,32,0.0001,64,5.0
54,88298,173.70138692855835,13,6.896752178668976,18.0,0.05036466708406806,1.0,1.0,0.9958847736625515,0.9945429740791268,1.0,0.9972640218878249,16,2,0.1,64,16,0.0003,32,10.0
64,98810,134.38236045837402,8,6.926719605922699,13.0,0.14737342670559883,1.0,1.0,0.9958847736625515,0.9945429740791268,1.0,0.9972640218878249,16,2,0.1,64,32,0.0003,64,10.0
217,156170,119.37309432029724,8,3.4084356278181076,13.0,0.21777916885912418,1.0,1.0,0.9953703703703703,0.9938650306748467,1.0,0.9969230769230769,32,3,0.0,64,32,0.0001,32,5.0
159,105994,110.59418272972107,15,3.4190744161605835,20.0,0.056348896119743586,1.0,1.0,0.9953703703703703,0.9938650306748467,1.0,0.9969230769230769,32,2,0.0,64,32,0.0003,64,5.0
69,40714,103.10960149765015,9,3.4219720661640167,14.0,0.11334733199328184,1.0,1.0,0.9953703703703703,0.9938650306748467,1.0,0.9969230769230769,16,3,0.0,32,16,0.0003,32,5.0
91,148986,393.0333483219147,29,3.4389182329177856,,0.11531676817685366,1.0,1.0,0.9953703703703703,0.9938650306748467,1.0,0.9969230769230769,16,3,0.0,64,32,0.0001,64,5.0
93,148986,239.79968285560608,13,3.454302817583084,18.0,0.06276467302814126,1.0,1.0,0.9953703703703703,0.9938650306748467,1.0,0.9969230769230769,16,3,0.0,64,32,0.0003,32,5.0
16,38426,130.81141829490662,20,6.90327662229538,25.0,0.15507223829627037,1.0,1.0,0.9953703703703703,0.9938650306748467,1.0,0.9969230769230769,16,2,0.0,32,32,0.0003,64,10.0
117,138474,139.01494812965393,9,3.453037142753601,14.0,0.051701212767511606,1.0,1.0,0.9948559670781894,0.9931880108991825,1.0,0.9965823650034177,16,3,0.1,64,16,0.0003,32,5.0
66,40714,109.05344319343567,10,7.1767913699150085,15.0,0.38734159991145134,0.999968952339018,0.9999897910466271,0.9948559670781894,0.9938608458390177,0.9993141289437586,0.9965800273597811,16,3,0.0,32,16,0.0001,32,10.0
145,94458,45.10265374183655,2,3.445622444152832,7.0,0.43706313893198967,0.9995709777755197,0.9998645140508469,0.9948559670781894,0.9965706447187929,0.9965706447187929,0.9965706447187929,32,2,0.0,64,16,0.0001,32,5.0
210,144634,62.44334173202515,2,6.988618493080139,7.0,0.4517470970749855,0.9996217830389449,0.9998820427744509,0.9948559670781894,0.9979367262723521,0.99519890260631,0.9965659340659341,32,3,0.0,64,16,0.0001,32,10.0
101,40714,247.26744508743286,27,3.4854530543088913,,0.0428240904584527,1.0,1.0,0.9943415637860082,0.9925119128658951,1.0,0.9962418858899897,16,3,0.1,32,16,0.0003,32,5.0
241,144634,299.9911847114563,29,3.486601874232292,,0.04110177746042609,1.0,1.0,0.9943415637860082,0.9925119128658951,1.0,0.9962418858899897,32,3,0.1,64,16,0.0001,32,5.0
136,30458,28.692678689956665,3,6.629978120326996,8.0,0.42921479046344757,0.9996852896182267,0.9999014957075134,0.9917695473251029,0.9979281767955801,0.9910836762688614,0.9944941500344116,32,2,0.0,32,16,0.0003,64,10.0
126,148986,134.7958071231842,10,6.8921855092048645,15.0,0.07491565588861704,1.0,1.0,0.9907407407407407,0.9878048780487805,1.0,0.9938650306748467,16,3,0.1,64,32,0.0003,32,10.0
2,27914,58.97359251976013,7,6.815519332885742,12.0,0.42761173099279404,0.9995709777755197,0.9998603764668058,0.9871399176954733,0.9972241498959056,0.98559670781893,0.9913763366678164,16,2,0.0,32,16,0.0001,32,10.0
20,88298,69.64597082138062,4,6.920638024806976,9.0,0.449820589274168,0.9992181634461774,0.9997517981033965,0.9866255144032922,0.9965325936199723,0.98559670781893,0.9910344827586207,16,2,0.0,64,16,0.0001,64,10.0
252,156170,100.70126581192017,6,7.052276909351349,11.0,0.44029776006937027,0.9994185619852439,0.999815998172453,0.9845679012345679,0.997907949790795,0.9814814814814815,0.9896265560165975,32,3,0.1,64,32,0.0001,64,10.0
161,30458,75.20754146575928,8,3.661298245191574,13.0,0.40035179257392883,0.9992012283583691,0.9997496623601179,0.9794238683127572,0.9985935302390999,0.9739368998628258,0.9861111111111112,32,2,0.1,32,16,0.0001,32,5.0
68,40714,103.19717812538147,11,7.242518901824951,16.0,0.48021090775728226,0.9986226128582477,0.9995686948908826,0.977880658436214,0.9978888106966924,0.9725651577503429,0.9850642584230636,16,3,0.0,32,16,0.0001,64,10.0
75,51226,113.6746940612793,10,3.782134771347046,15.0,0.47435907647013664,0.9974075203079928,0.9991662738610986,0.963477366255144,0.9942979330007128,0.9567901234567902,0.9751835022719328,16,3,0.0,32,32,0.0001,64,5.0
120,138474,60.001381635665894,2,6.991284370422363,7.0,0.4745327830314636,0.9979804907788447,0.9993687025369908,0.9619341563786008,0.9978417266187051,0.9513031550068587,0.9740168539325843,16,3,0.1,64,16,0.0003,64,10.0
33,27914,100.95753884315491,9,3.7061166018247604,14.0,0.4170018099248409,0.9953160369636517,0.9983733941000514,0.9583333333333334,0.9914346895074947,0.9526748971193416,0.9716684155299056,16,2,0.1,32,16,0.0001,32,5.0
242,144634,70.28785848617554,2,6.493508756160736,7.0,0.4917694143950939,0.9977815034970956,0.9992972983564854,0.9583333333333334,0.9978308026030369,0.9465020576131687,0.9714889123548046,32,3,0.1,64,16,0.0001,32,10.0
35,27914,130.22045969963074,19,3.7616176307201385,24.0,0.4085683412849903,0.9972028879969742,0.9991028098969362,0.9557613168724279,0.9971014492753624,0.943758573388203,0.9696969696969697,16,2,0.1,32,16,0.0001,64,5.0
73,51226,67.62134671211243,4,3.9405490159988403,9.0,0.5310750417411327,0.996456332876086,0.9988565254109778,0.9547325102880658,0.9963768115942029,0.9430727023319616,0.9689922480620154,16,3,0.0,32,32,0.0001,32,5.0
49,88298,66.98756647109985,2,3.4009243547916412,7.0,0.46409862488508224,0.9976234426775502,0.9992498913768606,0.9542181069958847,0.9978181818181818,0.9410150891632373,0.9685845393575715,16,2,0.1,64,16,0.0001,32,5.0
228,43258,94.58258485794067,12,7.204009234905243,17.0,0.4534408710896969,0.9974639706006876,0.9991868153704414,0.9537037037037037,0.997093023255814,0.9410150891632373,0.9682427664079041,32,3,0.1,32,16,0.0001,64,10.0
248,144634,61.173534631729126,2,5.879623174667358,7.0,0.4754334092140198,0.9972042992542915,0.9991108284247672,0.9511316872427984,0.997808619430241,0.9368998628257887,0.9663954722320481,32,3,0.1,64,16,0.0003,64,10.0
226,43258,81.88067030906677,7,6.902965873479843,12.0,0.48103737458586693,0.9974710268872744,0.9991969499051406,0.9490740740740741,0.9978021978021978,0.934156378600823,0.9649309245483528,32,3,0.1,32,16,0.0001,32,10.0
118,138474,58.686100006103516,1,6.5653687715530396,6.0,0.491943322122097,0.9971873641664832,0.9991089159578326,0.9475308641975309,0.9985294117647059,0.9314128943758574,0.9638041163946061,16,3,0.1,64,16,0.0003,32,10.0
251,156170,105.62730169296265,4,3.5589408576488495,9.0,0.47860683128237724,0.996563588432206,0.9989018382709154,0.9459876543209876,0.9977924944812362,0.9300411522633745,0.9627263045793397,32,3,0.1,64,32,0.0001,64,5.0
179,94458,59.520251512527466,4,3.4607041478157043,9.0,0.4657805673778057,0.9971309138737884,0.9990753247419727,0.9444444444444444,0.9977876106194691,0.9279835390946503,0.9616204690831557,32,2,0.1,64,16,0.0001,64,5.0
246,144634,60.1231529712677,1,6.653236031532288,6.0,0.49571701884269714,0.995917232580851,0.998696956335823,0.9372427983539094,0.9977645305514158,0.9183813443072703,0.9564285714285714,32,3,0.1,64,16,0.0003,32,10.0
132,30458,47.11012077331543,8,6.940093278884888,13.0,0.49537229910492897,0.9938666756987136,0.9980046489112897,0.9356995884773662,0.9948032665181886,0.9190672153635117,0.9554367201426025,32,2,0.0,32,16,0.0001,64,10.0
114,138474,68.99781131744385,2,6.372340053319931,7.0,0.5006791613996029,0.9959482802418331,0.9987009254053951,0.9331275720164609,0.9977511244377811,0.9128943758573388,0.9534383954154728,16,3,0.1,64,16,0.0001,32,10.0
116,138474,68.70926094055176,3,6.616788685321808,8.0,0.5427326448261738,0.9931342331509989,0.9977651001625243,0.9279835390946503,0.9962349397590361,0.9074074074074074,0.949748743718593,16,3,0.1,64,16,0.0001,64,10.0
10,38426,57.230284452438354,4,7.470656365156174,9.0,0.5584846138954163,0.9931793933851547,0.9977256248114037,0.9233539094650206,0.9947089947089947,0.9026063100137174,0.9464221503056455,16,2,0.0,32,32,0.0001,32,10.0
98,40714,106.14795517921448,8,7.145276039838791,13.0,0.5260327532887459,0.9952341840392442,0.9984555436368343,0.9171810699588477,0.9976976208749041,0.8916323731138546,0.9416877942774358,16,3,0.1,32,16,0.0001,32,10.0
34,27914,92.47460579872131,8,7.341954678297043,13.0,0.4927111715078354,0.9927687175058002,0.9975957454615193,0.9140946502057613,0.9946360153256705,0.8902606310013718,0.9395584509591024,16,2,0.1,32,16,0.0001,32,10.0
74,51226,67.4096143245697,4,7.103396266698837,9.0,0.5985284000635147,0.9909961783151846,0.997134404289233,0.9130658436213992,0.9961508852963818,0.887517146776406,0.9387014871236852,16,3,0.0,32,32,0.0001,32,10.0
203,54794,50.16075301170349,5,4.0209488570690155,10.0,0.5658275298774242,0.9889555002342687,0.9963284931484853,0.9079218106995884,0.9938223938223938,0.8827160493827161,0.9349800217944061,32,3,0.0,32,32,0.0001,64,5.0
140,41994,41.834956407547,6,7.890714883804321,11.0,0.5991977527737617,0.9887127639756812,0.9963073420233667,0.9017489711934157,0.994535519125683,0.8737997256515775,0.9302665206279664,32,2,0.0,32,32,0.0001,64,10.0
134,30458,29.336682319641113,1,6.404715478420258,6.0,0.5635849758982658,0.988180719967033,0.996075749914993,0.8945473251028807,0.992918961447679,0.8655692729766804,0.9248809087577867,32,2,0.0,32,16,0.0003,32,10.0
225,43258,55.71207523345947,3,3.572445660829544,8.0,0.5607897341251373,0.987905524790146,0.9959654307153594,0.8945473251028807,0.992918961447679,0.8655692729766804,0.9248809087577867,32,3,0.1,32,16,0.0001,32,5.0
201,54794,50.89333415031433,3,4.293370425701141,8.0,0.5732664577662945,0.9847047931943527,0.9949087729945768,0.8888888888888888,0.9912974683544303,0.8593964334705075,0.9206465833945628,32,3,0.0,32,32,0.0001,32,5.0
233,54794,71.58873009681702,5,3.36810003221035,10.0,0.5466945767402649,0.9880960445279909,0.9960875320714307,0.8878600823045267,0.9952076677316294,0.8545953360768176,0.9195571955719557,32,3,0.1,32,32,0.0001,32,5.0
67,40714,65.79487371444702,6,3.7466405630111694,11.0,0.6049915999174118,0.9858450891067871,0.9954571409544638,0.882201646090535,0.9967663702506063,0.845679012345679,0.9150278293135437,16,3,0.0,32,16,0.0001,64,5.0
131,30458,35.79320740699768,5,3.565550535917282,10.0,0.537751242518425,0.9841713379283871,0.9946726082684285,0.8806584362139918,0.9911858974358975,0.8484224965706447,0.9142645971914265,32,2,0.0,32,16,0.0001,64,5.0
56,88298,54.610431432724,1,6.349651575088501,6.0,0.5353878885507584,0.986097704166596,0.995468836190567,0.8796296296296297,0.9951456310679612,0.8436213991769548,0.9131403118040089,16,2,0.1,64,16,0.0003,64,10.0
227,43258,66.24125957489014,7,3.4972398579120636,12.0,0.5648386813700199,0.9871505021253535,0.9957747771334549,0.8770576131687243,0.9951259138911455,0.8401920438957476,0.9111193752324284,32,3,0.1,32,16,0.0001,64,5.0
76,51226,107.15771651268005,9,7.098806023597717,14.0,0.5798341929912567,0.9818526421559497,0.9941020227998819,0.8729423868312757,0.9950940310711366,0.8347050754458162,0.90787019768743,16,3,0.0,32,32,0.0001,64,10.0
176,41994,35.26221561431885,3,6.962372183799744,8.0,0.5022101663053036,0.9882329364877757,0.996126325925472,0.8729423868312757,0.9967186218211649,0.8333333333333334,0.9077325364213672,32,2,0.1,32,32,0.0003,64,10.0
4,27914,46.50266098976135,6,7.287031412124634,11.0,0.572902500629425,0.9787591661162764,0.9928439219041756,0.8503086419753086,0.9924050632911392,0.8065843621399177,0.8898978433598184,16,2,0.0,32,16,0.0001,64,10.0
82,138474,71.1558005809784,1,7.058637619018555,6.0,0.6449934542179108,0.9748909098093673,0.9919420772157548,0.8472222222222222,0.9965782720273738,0.799039780521262,0.8869432813094785,16,3,0.0,64,16,0.0001,32,10.0
138,41994,41.67809200286865,3,7.843513488769531,8.0,0.6057691797614098,0.9773006316787752,0.9925208551414633,0.8425925925925926,0.9939965694682675,0.7949245541838135,0.8833841463414634,32,2,0.0,32,32,0.0001,32,10.0
9,38426,57.544068813323975,4,3.911129727959633,9.0,0.5429714284837246,0.9736871073176514,0.9911296016687662,0.8415637860082305,0.989778534923339,0.7969821673525377,0.8829787234042553,16,2,0.0,32,32,0.0001,32,5.0
11,38426,44.824750661849976,4,4.1922600865364075,9.0,0.6819009780883789,0.9735431590712798,0.9911476199364927,0.8400205761316872,0.9905902480752781,0.7942386831275721,0.8816140083745717,16,2,0.0,32,32,0.0001,64,5.0
130,30458,35.61465811729431,2,6.9381875693798065,7.0,0.6467608362436295,0.9743560432860844,0.9911601481869196,0.8374485596707819,0.9897084048027445,0.7914951989026063,0.8795731707317073,32,2,0.0,32,16,0.0001,32,10.0
43,38426,77.89726638793945,8,3.790217489004135,13.0,0.5722916312515736,0.9750602606874517,0.9918033365804308,0.8271604938271605,0.9947089947089947,0.7736625514403292,0.8703703703703703,16,2,0.1,32,32,0.0001,64,5.0
188,105994,49.981489181518555,2,6.870672881603241,7.0,0.5885691270232201,0.9725545733204627,0.990843533354226,0.8245884773662552,0.9929390997352162,0.7716049382716049,0.8683905827865689,32,2,0.1,64,32,0.0001,64,10.0
234,54794,56.96503782272339,3,7.541240692138672,8.0,0.6355910077691078,0.9715956239733103,0.9908189898645535,0.8215020576131687,0.9946571682991986,0.7661179698216736,0.8655559860519179,32,3,0.1,32,32,0.0001,32,10.0
41,38426,66.57254242897034,3,4.012580379843712,8.0,0.6126819849014282,0.963437145421599,0.9883214800726899,0.8209876543209876,0.9937722419928826,0.7661179698216736,0.8652207591014718,16,2,0.1,32,32,0.0001,32,5.0
204,54794,44.68760967254639,4,7.958494782447815,9.0,0.7311418429017067,0.965280247478083,0.9886422314645047,0.816358024691358,0.9928379588182632,0.7606310013717421,0.8613592233009709,32,3,0.0,32,32,0.0001,64,10.0
163,30458,36.822630405426025,4,3.534851163625717,9.0,0.6322590261697769,0.9675777743907603,0.9892196561556892,0.808641975308642,0.994535519125683,0.7489711934156379,0.8544600938967136,32,2,0.1,32,16,0.0001,64,5.0
172,41994,44.117364168167114,5,8.67295229434967,10.0,0.6458382233977318,0.9632085217361852,0.987893412210474,0.8055555555555556,0.9945054945054945,0.7448559670781894,0.851764705882353,32,2,0.1,32,32,0.0001,64,10.0
169,41994,46.40829086303711,3,4.328766614198685,8.0,0.6022141650319099,0.9655921353452217,0.9884097822106188,0.801440329218107,0.9908424908424909,0.7421124828532236,0.8486274509803922,32,2,0.1,32,32,0.0001,32,5.0
107,51226,97.86746859550476,8,3.9453564882278442,13.0,0.5810782127082348,0.9578344538716433,0.9855495657738634,0.7998971193415638,0.983710407239819,0.7455418381344308,0.8482247366367538,16,3,0.1,32,32,0.0001,64,5.0
108,51226,75.64507126808167,8,7.389731168746948,13.0,0.5862928368151188,0.9648780391426328,0.9884138492099723,0.7962962962962963,0.9907578558225508,0.7352537722908093,0.8440944881889764,16,3,0.1,32,32,0.0001,64,10.0
36,27914,86.9105703830719,11,7.236575126647949,16.0,0.5358894392848015,0.9549879478625096,0.9844174600160414,0.7890946502057613,0.9869888475836431,0.7283950617283951,0.8382004735595896,16,2,0.1,32,16,0.0001,64,10.0
58,98810,63.248066663742065,1,6.994649738073349,6.0,0.6172094717621803,0.9519502164868724,0.9836613569689129,0.786522633744856,0.9851162790697674,0.7263374485596708,0.8361626529806554,16,2,0.1,64,32,0.0001,32,10.0
244,144634,61.67772078514099,2,5.951215922832489,7.0,0.645503431558609,0.9501416902346638,0.9836703552142987,0.786522633744856,0.9887535145267105,0.7235939643347051,0.8356435643564356,32,3,0.1,64,16,0.0001,64,10.0
171,41994,39.08852958679199,4,4.425305724143982,9.0,0.7222012057900429,0.9541468385013576,0.9844404463784042,0.7803497942386831,0.9895536562203229,0.7146776406035665,0.8299482277976902,32,2,0.1,32,32,0.0001,64,5.0
104,40714,49.79592275619507,2,6.081523001194,7.0,0.6336848065257072,0.9605412454063574,0.9871977311999416,0.7803497942386831,0.9961501443695862,0.7098765432098766,0.828994793752503,16,3,0.1,32,16,0.0003,64,10.0
38,27914,43.12870144844055,1,6.709639251232147,6.0,0.6066575646400452,0.95247732109491,0.9837843690340178,0.7782921810699589,0.9876543209876543,0.7133058984910837,0.8283552369573874,16,2,0.1,32,16,0.0003,32,10.0
235,54794,52.35192584991455,4,4.122762382030487,9.0,0.6942601054906845,0.9555707971345831,0.9851184161502791,0.7767489711934157,0.991362763915547,0.7085048010973937,0.8264,32,3,0.1,32,32,0.0001,64,5.0
164,30458,40.893372535705566,5,6.561406195163727,10.0,0.6290831342339516,0.9566193613213885,0.9856142567315516,0.772633744855967,0.9922480620155039,0.7023319615912208,0.8224899598393575,32,2,0.1,32,16,0.0001,64,10.0
40,27914,44.342429399490356,3,6.969087898731232,8.0,0.5523887276649475,0.9408598508583268,0.979215549751424,0.7597736625514403,0.9815354713313897,0.6927297668038409,0.8122235625251307,16,2,0.1,32,16,0.0003,64,10.0
236,54794,64.60022783279419,6,7.411260008811951,11.0,0.6100002899765968,0.9359049264170435,0.9781771288115895,0.7463991769547325,0.9839518555667001,0.6728395061728395,0.7991853360488799,32,3,0.1,32,32,0.0001,64,10.0
137,41994,31.336249351501465,1,4.212992399930954,6.0,0.9038395807147026,0.9291732290131924,0.9760951061561863,0.742798353909465,0.9818913480885312,0.6694101508916324,0.7960848287112561,32,2,0.0,32,32,0.0001,32,5.0
139,41994,30.499630451202393,3,4.1519017815589905,8.0,0.7613908052444458,0.9336582047677917,0.9776488716872116,0.7340534979423868,0.9865563598759048,0.654320987654321,0.7868041237113402,32,2,0.0,32,32,0.0001,64,5.0
44,38426,57.7456591129303,4,8.466381311416626,9.0,0.7712029069662094,0.9244229368829278,0.9736721441896257,0.7186213991769548,0.9799789251844047,0.6378600823045267,0.7727461570419609,16,2,0.1,32,32,0.0001,64,10.0
100,40714,63.72799634933472,4,7.10267561674118,9.0,0.6997195035219193,0.9254884361575414,0.9747567669102511,0.7175925925925926,0.9881847475832438,0.6310013717421125,0.7701967350355797,16,3,0.1,32,16,0.0001,64,10.0
106,51226,57.728421688079834,3,7.846807420253754,8.0,0.7015201449394226,0.9134010172342742,0.9707300111378534,0.7031893004115226,0.9878183831672204,0.6117969821673526,0.7556120288013554,16,3,0.1,32,32,0.0001,32,10.0
42,38426,52.52189040184021,2,8.063810348510742,7.0,0.7227972000837326,0.9188456479646847,0.9729710850712726,0.7011316872427984,0.9899441340782122,0.607681755829904,0.7530811729706758,16,2,0.1,32,32,0.0001,32,10.0
202,54794,38.10236668586731,1,7.296763181686401,6.0,1.0759131014347076,0.9198843333502684,0.9723130383996779,0.6759259259259259,0.9882075471698113,0.5747599451303155,0.7267996530789246,32,3,0.0,32,32,0.0001,32,10.0
170,41994,34.38001465797424,1,7.804165095090866,6.0,0.8570613637566566,0.9060765917571283,0.9668781252802242,0.661522633744856,0.9830917874396136,0.5582990397805213,0.7121609798775154,32,2,0.1,32,32,0.0001,32,10.0
105,51226,47.02301740646362,1,4.093786925077438,6.0,0.9764205738902092,0.8442889238880702,0.9450067126981618,0.6121399176954733,0.9731182795698925,0.49657064471879286,0.6575840145322435,16,3,0.1,32,32,0.0001,32,5.0
12,38426,28.338942289352417,1,7.707573235034943,6.0,1.0918028429150581,0.8011418482954835,0.9293953968506435,0.5900205761316872,0.9674681753889675,0.4691358024691358,0.6318706697459584,16,2,0.0,32,32,0.0001,64,10.0
